{
"name"        : "annual-gala-2018",  // 应用名称
"script"      : "/data/www/annual-gala-2018/websocket/bootstrap.php",  // 实际启动脚本
"cwd"         : "/data/www/annual-gala-2018/websocket",  // 当前工作路径
"exec_interpreter": "php",
"watch": "/data/www/annual-gala-2018/websocket/watcher.txt",
"watch_options": {
"followSymlinks": false,
"usePolling": true
},
"error_file" : "/data/www/annual-gala-2018/storage/logs/annual-gala-err.log",  // 错误日志路径
"out_file"   : "/data/www/annual-gala-2018/storage/logs/annual-gala-out.log",  // 普通日志路径
"env": {
"NODE_ENV": "production"  // 环境参数，当前指定为生产环境
}
}
